sequence,lamella_period
BBCCBBBBBBBBCBBBBBBBCCCCCCBCBBBB,14.7265107173
BBBBBCCCCCCBBBBBBBBCBBBBBBBCCCCC,14.75609622641
CCCCCBCCCCCCCCCCCCBBCBBBBCCCCCCB,15.5023995356
CCCBBBCCBBBBBBBBBBCBBBBBBBBCBBBC,14.944565635
BCBBBBCBBBBBBBCBCCBBBBBBBBBBBCCB,14.58679605171
CBBBBBCCCCCCCBCBBCCBBBCCBBBCCBCB,14.69707980171
BBBCCCBCCBCCBBBCCBCBCCBCBBBCBBBB,14.58259982641
CBBBBBBBCBBBBBBCBBBBBBBBBBCCCCBB,14.60859792421
CBCCBBBCCCCBBBCCCCBBCBBCCBCBBCBB,14.6160374577
CCBBBCBCCBCBBCBBBBBBBCBBCCBBBCCC,14.57972688371
CCBBBBCCBBBBBBBBCBBBBBBBBCCCCCCB,14.56346035451
BCCCCCCCCCBCCCBBCCCCCBCCBCCBBBBB,15.0864447354
CCCCBBCBCCCCBCCCBBCBCCBBBBBBCCBB,14.9974621186
CBCCBBBCBBBCBCCCCBBBCBBBBBBBBBCC,14.6278275051
CCCCCCCCCCBCCCCCCCBCCCCCBCCCCCCC,16.1714280223
BBCCCCCBBBBCCCCCCCCCCBCCCCCCCBCC,15.8545694379
BCBCBBCCCBCBCCCBCBCCBCBCBCBCBCBC,14.87361030941
BCBCBCBCCBBCCBCBCBCBCBCCBCBCCBCB,14.74347407091
CBBCBCCBCBBCBCBCBCBCBCCBCBBCBCBC,14.69363836981
CBCCBCBCBCBCCCBCCBBCBBCCCCBBCCBC,14.9033454942
CBCBCBBCBBCBCBCBBCBCBCBCCBCBCCBB,14.6015889394
CCBCCCBBCCBCBCBBCBCBCBCCBCBCCBCB,14.72014625121
CBCCCBCCBCBCBCBBCCBCBBCCBCCCBCCC,15.0494836259
CBCBCCBBCBCCBCCCCBCCBCBCBCBCBCBB,14.6982879816
CCBCBCBCCBCCBCCCCBBCCBCBCBBCBCCC,14.98373784671
CCCBBCBBBCBCBCCBCBCCBCBCBCBCBCBB,14.610303024
BBCBBCCBCBCBCBCBCBCBCBCCBCCCBBCB,14.7829626387
BCBBCBCBCBBCBCBCBCBCBCCBCCBCBCCB,14.83065193991
BCCCCCCCBCBCBCBCCBCBCBBCBCBCBCBC,15.0371936722
BCCCCCBBCCBCBBCCBBCBBCBCCBCBCBCB,14.7799702322
BCBCBCBCBCCBBCBCBCCBCBCBCCBCCBBC,14.80374987011
BCBCCBCBCBBCBCBBCBBCBCBCBCBCCCCB,14.71463421441
CBCBBBBBCCBBCBCBBCBCBBBCBCBCBBBC,14.5245135866
CBBBCBCBCBBCBCBCBCBCCBCBBCBCBCBB,14.57454860911
BCBBBCCCBBBBCBBBBCCBBCBCBBCBCCBB,14.53872406851
CBCBBBCBCBCBBCBBCBCBCBBCCBCBBBBC,14.5386845536
BBBCBCCBCCBCBBCCBCBCBBCBBBBCBBBB,14.59683376431
BBCBBBBCCCBCBBBCBCBCBBCBCBBBBCBC,14.5652074692
CBBBCCBCBCCBCBCBBBBBBBBBBBBCBCCB,14.7490284481
BBBBBBBBBBCBBBBBCBBBCBBCBCCCBBBB,14.85409250561
BCBBCCCCBBBBCCCCCCCCBBCBCCCBBCCC,15.20681496821
CCCBBCBBBBCBCCCCCCCBBCBCCCCCCCCC,15.7851789265
BBCCBCCCCCCBBBCCCCCCCBCCCCBCCCCC,15.8452844395
CCBBBCCCBCCBCBBCCBBCCCBBBBBCCBCC,14.7781366141
CCCBCBCCBCBCCCBBCBCCBCCBCCCCCBBC,15.0220293569
CBBBCCBBCBBCCBCBCCCCCCBCCBCBBBCB,14.77484643391
BCCCBBCCBCCBCCBBCBBBCCBCCCCCCCBC,15.086123651
CCCBCBBCCCCBCBBCCBBCCBBBBCCCCBBB,14.7847763802
BCCCBCBCBCCBCBCBCBCCBBCBCCBCBBCC,14.8202813947
CBCCBBCBCBBCBCCCBCBCBBBCBBBCBBCB,14.6336274957
BCBCCCBCBBBBCCCBBCBBCBBBBBCCBCBB,14.59593572321
CBCCCBCBCBCBBCBBCCBCBCBCBCBBBBBC,14.6858214369
BCBCBBCBCBCBBCBCBBCBBBBBCBBCBBCC,14.56384363921
BBCBCBBCBCBCBBBCBBBBBBCBCBCBBCCB,14.5220169183
CBBCBBCBBBCBCBBBCCBCBCBCBCBCCCBB,14.68051875051
CCCBBCBBBCBCBCBBCBCBBBCCBCBCBBCB,14.603062911
CCBBBCCCCCCBBCCCCCCCCBBCBBBCBCBC,14.89051145551
BBCBBCCBBCCCBCBBCCBCCCBBBBBCBCBB,14.567123511
BCCCCCCBBCCCCCCCCCCCCCCBBCCBBCCC,15.4609811136
CCCBCCCBCCBCCCCCBBCCCCCCCCCCCCBC,15.7139917917
BBCBCBBBBCCCBBCCCCCCBBBBBCBCCCBB,14.6866762083
CCCCBBCCCCCCCBBBBBCBBBBCCBBCCCBC,15.0614910376
CCCCCBCCBCCCBCCCCCCBBCBCBBCCCCCC,15.3907338742
BBBCBBCCBBCBBCBCBCBBCCCCCBCCCCCC,15.94897855851
BBBCCBCBBBBCCBBCBCBCBBBCBCCBBCBC,14.62805320951
CBBBBBCBCBCBBBBCBCBCBBBCBCBCBCBB,14.55893104621
BCBCBCBBBBCBCCBCBCBCBBBBBBBBBCBC,14.59150405131
CBBBCBCBBCCBCBCBBBBBBBBCBBCBCBBC,14.56185187411
BCBCBCBBCBBCBCCBCBCBCBBBCBCBCCBB,14.54037683591
BBCBBBCBBCBBBCBBBBBCBCCBCBBCCCBC,14.8047844999
BBCCBCBCCBCBBCBBCBBBCBBBBBCCBCBC,14.5841757731
CBBCBBBBBBCBCBBBCBCBCBCBCBCBBBCB,14.56094449951
CBCBCBCBCBBBBCBCCBBBCBBCBCBCBCCB,14.5630605359
CBBBBCBCBCBBCCBCBCBBCBBCBCBBCBCB,14.56421388671
BBCBCBBCBCBBBBCBBCBCCBCBBBCBBCBC,14.5575476207
BCBCCBBBBCBCBCBBCBBCBCBBBCBBCCBB,14.54743559961
CBBBBCBCBBCBCBBCBCBCBCCBCBBBBCBB,14.53979789751
CBCBBBCBCBCBCBCBCCCCBBBCCBCBCBBC,14.7349799452
BBCBCBBCBCBBCBBBBBBBBBBBBCBBCBCB,14.6593156824
CBBCBCBCBBCBCBCBCBCBCBCBBCBCBCBC,14.63871735151
BBCBBCCCCCBCBCCBBCCBBBCBBCCCBBBC,14.7072004477
CCBCCBCCCBCBBCBBCBCBBCBCBCBBCBBC,14.80445434761
BCCBBCCCBCBCBBCCCBBCBBBCCBCCCCBB,14.7145603116
CCCCCCCCBCBCBCCBCBBCCCCBCCBCBBCB,15.1610138925
CBCBCCCBCCBBBCCCBCCBCCBCBBBBCCCC,14.9325122798
CCBCBBCBCBCBCCBCBCBCBBCCCCCCCCCC,15.54130323291
BCCBBCCBCBCBBCBCBCCCCBBBCBCBBBCB,14.5904139339
BCCCCBCCCBCBCCBBCBCCCCBCCCBBCBCC,15.094494921
BBCCCCBBBBCCBBCCCBCCCBCCBCCCCCCC,15.6749693967
CCCCCCCCCCCCCCCCBBCBBCBBCBCBBBCB,17.0218740085
BBBCCBCCCCCCCCBBBCCBCBCBCCCCCCCC,15.57358544651
CCCCCCBCCCBBCCCCCCCCBCCCBBCCBBCC,15.316243031
BBCCCCCCCCBCCBCCCCCCCCCCBCCCCCCC,16.2170031068
CCCCCCCCCCCCCCBCCCCCCCCCCCCCCCCB,16.0955807285
BBBCCBCCBBCBCCCBBCCCCBBBBCCBCCCC,15.09717605151
BBCCCCCBBCCCCCCCCCCCBCCBCCBCBBBC,15.0021833454
CCBBCCBCCCCBCCBBCBCCBBCBCBBBBBBB,15.05747850041
BCBCCCCBCBCCBBCBCCBCBBBBCCCBCBCB,14.74951352251
CCCBCBBCCCCCBCBBBBCCBCCBCCCBBBCB,14.7916225164
CBCCBBBCBCCBCCBBCCCCBBBCCBCBBCCC,14.8771535128
BCBCBCBCBBBBBBCCCCBCBCBBBCCCCBBB,14.630746481
BCBBBCCBBCBCBBCBBBCBCBCBCCBBCCBB,14.58690153891
BCBCCBCBCCBBCBCBCCBCBCBBBBCCCBCC,14.79179172481
BCCCBCCBCCCCBBCCBBBCCBBBCBCBCBCC,14.9106592627
CBCCCCCBCCBBCCCCCBBCCBBBBCBCBCCB,14.9727796034
BCBBBCCCBCCCBCCCCCCCCBCCCCCCCBBC,15.69338249941
BCBBBCBCCCCBCCCCCCBCBCBCCCCBCCBC,15.44252685041
BBCCBCCCBCCCCCBCCBCBBBCCCCCCBCCC,15.3992105705
BCCCCCCCCCCBBCBBCCCCCCBBCCCCBBBC,15.1845307076
CCCCBBBCCBCCCCCCBBBBCBCCCCBCCBCB,14.8947531129
CCCCCCCBCCCCCCBCCCCCCCCBCCBBCCBC,15.5481616686
CCCCBCCBCBCCCCCCBCCCBCCCCCCCCCBC,15.7017528301
BCBCCCBBBBBCCCCCBBCCCBCBBBCBBCCB,14.68351898031
CCCCBBCCCBBBBCCCCBCBBBCBBBBBBBBB,15.490595337
BBCBCCCCCBBCBCCCBBCBBBCCCCBBCBCB,14.7416810992
BCBCBBBCBBCCBBCCCCBCCCBBBBCBBCCC,14.85639318151
CCCCBCCCBCBCCCBBBCCBBCBBBBBBCCCC,15.1142932668
CCCBCBBBBCCCBBBCCCBBBBBBCCCCBBCC,14.7128723671
CBBBBBCBCBCCCCBBBBBBBCCBCCBBCBCC,14.71461089151
CCCBCCCBCCCCBCBBBBCCBCCCBBCBBCBB,14.9820588596
BCBCBBCCBCBCCBCCBBCBBCCBBBCBBCCC,14.75705435071
BBCCCCBCCBCBCBCBCCCCBCCBCBBCCCBC,15.0676335402
CCBCBCBBCCBBCCBCCCCCCCCCBCCCBCCB,15.32330584691
BCCBBCBCCBCBCBCCBCCCCBCCBCBBBCCC,15.0174598934
BBCBBCBCBCBCBCCCBBBCCBCCCCBBCBBB,14.6332217336
BCCBBCBCBCCBCBCCCBCBBBBCCCBCBCBB,14.6400086806
BCBCBCBBCCBCCCCCBCCCBCCCBCCCCBCC,15.67370009591
CCBBBCBCCCBBCCCCBCCCCBCBCBCBCCCB,15.01226156081
BBBCCBBBBBBBBBBBBBCBCCBBCBCBCCCC,15.13477885851
CCCCCBCBBBCCBCCCBCCCCCBCCCCCCBBC,15.2402963511
BBBBBBCCCBBBCCCCCCCBBCCCBBBCCCCC,15.69723418011
CBCBBCCCCBCCCCBBBBCCCBBBBBCBBBBC,14.8829625941
CCCCCBBCCCCBBCCBBBCCCCBBCCCCCCCC,15.3222100184
BBBBBCBBCCCCCCCBCCCCBCCBBBBBCBBC,14.72398441561
BBCCCCBBBBCBCBBCCCCCCBCBCCCBCBBC,14.9058565202
CCCCCCBBCCCCCBCBCCCCCCCCCBCCCCCB,15.5412969857
BCCCCCCCCCCCBBBBBBBCCCCCCCCCBBBC,15.220876261
CCCCCBBCCCCCBCCCCCCCCCCCCCCCCCCC,16.3773107167
BBBBBCCCCBBBBBBBCCCBCBBBCCCCCCBB,14.80445906861
BBBBCCCBBBBBBBBBBBBBBBBBBBBBBBBC,14.97157031121
BBBBCCCBBBBBBBBCCCCCCCCCCCCCBCCC,16.80336525571
CBBBBBBBBCCCCCCCCCCBBBBCCCCCCCCC,16.17294577311
CCCBBBBBBBBBCCCCCCCCCCBBBBBCCCBB,14.8057045004
CCCCCBBBBBBBBBBBBBBBBBBBBBBBBCCB,15.3756867195
BBBCCCBCBBCBCBCCCCCCCCBBBBCBCCCB,14.90702619921
CBCBCCCBBBCCBBBBBCCCBCCCCBBBCCCB,14.7495868523
BBCCCCBBBBCCCBCCCCCCCCBCCCCCCCBB,15.3359363558
BCCCCCBCBCCCCCCBCCCCBCCCBCBCCBBB,14.8708202859
CBBBCCCCCCCCCCCCBBCCBBCBCBBBCCBC,15.01536148621
BBBBCBCCCCBBBCCBCBCCCCCCBCCCCCCC,16.18611749261
BCCCCCCCCCBCCCBCCBCBBCCCCCCCBCCC,15.6285011714
BCCCBCCCCCCBCCCCBCCCCCBCCBCCCBCC,15.6241478857
BCCCCBBCCCCBCBCBCCCCBCCBCCBCCCCB,15.1734096381
BCCCCCCCBCCCCCCCCCCCBCCCBBCCCCCC,15.9015782144
BBCCCCCCCCCCBCCCCCCCBBBCCCCCCCBC,15.6424942465
CCBBCBCCCBBCCCCBCBCCBCCCCCCCBCBC,15.342421931
BCBCBCCCCCCBCCBBCBCCCCCBCCBCCCCC,15.52432726171
CBCBCBBCBCBCCBBCCCCCBCCCCCCBCCBC,15.482456389
CBCBCCCCCBCBCBCBCCCCBCCCCCCCCCCC,15.9183092564
CCCCCCCCBCBCBBBCBCCCCBCBCCCBCBCC,15.2182488684
CBBCCBBCBBBCBCBCCCBCBCBBCBBCBCBB,14.56353094041
CBCBBCBCBCBCBBBCBBCBBBCBBCBCCBCB,14.5839041819
BCBBBCBBCBCBCBCCBBBCBBBBCBCCBCBC,14.61983733761
BBCBCBCBCCBBCBCBCBCBCBCBCCCBCBCB,14.7399100234
CBBCBCBCBCBCBCBCBBCBCBCBCCBCBCBB,14.58264256971
CBCBCBCBCBCBCBCBBCBCBBBCBCBCBCCB,14.6437640274
BCBBCBCBBBCBBCBCBCBCBCBCBBCBCBBC,14.61598037671
BCBCBBCBCBCBCBCBCBBCBCBCBCBCBBCB,14.58021931251
CCCCBBCBBCCCBCBCBBBBBBCCBBCBBBCB,14.8820725355
BCCCCBBBCCCBBBCBBBBBCBBBBCCBBBCC,14.6831167282
CCCCBBCCCCBCBBCCCCCCCCCBBBBBBCBC,14.8998738655
CCCCCCCBBBBCCBCCBBCBCCBBCBBCCCCB,14.9701361745
CCCBBBBBBBCCCCBBBCCBCCBBBCCBCBBB,14.5615246827
CBBBCCBCBBCCCBCCCCBBCCCCCBCBBBBB,14.56579353471
BBCCBBBCCCBBBBBCCCCBCBCCCBBCCBBB,14.6373195432
BBCCBBBBCCCCBBBCBBBBCBCBBBCCBCCC,14.6741004211
CBCCBCCCCBBCBCCBBBCBCBCBCCCCBBCB,14.7770468698
BCCBCCCBCCBCBBBBCCBCCBBCBCBBCBCC,14.7926547913
BCBCBCBBCBCCBCBCBCCBBCBCBCBCCBBC,14.72232538031
BBCCCBBBBCCCCBCBCCBBCBCCBBBBCCCC,14.8573066085
BBBCBCBCBCCBCCBBBBCCBCCCBBCBCBCC,14.9525502951
CBBCCBCCCBBCCBCCCCCBCBBCCBCBBCBB,14.68791163721
CCCBCBBCBCCBCBCCBCBCBBCBBCBCCCBB,14.6756675594
BBBBCCBCBCBBBBBCBCBBCBBBCBCCCCBC,14.74793936591
CCCBBBCCCCBBBCCBBBBCCCCCBBCCCBCB,14.7789992801
BCCCBCCCCBBBCCBBCCBBBCCCCCCBCCCB,14.9809244808
BBBBCCCBBBBBBBBBCCCBCBCCCCCCBCBB,14.99389838921
BBCBBCCCCCCCBCBBBBCCBCCCCCCCBBBB,14.7080268455
BCCBCCBCBCBBBBCBCCCCCCBCCBCCCCCC,15.5485833259
CCCBBCCCCCCCCCCCBCCCBCBBCCBCCCCB,15.2488691001
BBCCCCCBCCBCBCBCCBBBBCCCCBCCCCCC,15.2173360473
CCCCBCCCBCBCBCBBCCCCCBBCCCBCCCCC,15.3433922057
BBCBCCCBCCCBBCBCBCCBBCCBCCCCCBBB,15.4220635067
BBCBCBBBCBCBBCCBCCCBBBBBBBCBBBBC,15.1675290003
BBBBCBBCCBBCBBCBBCBBBBCBCBBCCBBC,15.24153779881
CBBBBBBBCBCBCCCCBCBBCBCBBBCCCCCB,15.52564671351
CBBCBCBBCCBCCBBCBCCBCCCBCBBCCBCC,15.58491256221
BCBCCCCBBBCCCBCCCBCCBCCBCCCBBCBB,15.4197301361
CBBCCBCBCBBBCCCCBCCCBBBBCCBBBCCB,15.30703547781
BBCCBCCCCBBBCBCBBBBBBBCCCCBBBBCC,15.3100961412
CBCBCBCBBCCCBCCBCCBCCCCBCBBCBBCC,15.5388536631
BCBCCCCBBCCBBBCCCCCBBCCBBBBBBBCC,15.37286645421
CBCCBCCCBCBBBBCCCBCCBBBCBCBCBBCB,15.3445689692
CBCBCBCCBCBCCBCBCCBCCBBBCCCCCCBB,15.4913129676
CCCCCBCBCBBCBCCBCBCBCBBCCBBBCCCC,15.5368671086
BBCCBBBBBCCCBCBBBBBBCBBCBBCBCCBB,15.1618476743
CBBBBBCCBBBCBBCBBBCBCBBCBCCCBBCB,15.24815735271
BBCBBCCBBCCCBBBBCCBBBCBCBCBBCBBB,15.1671742186
CCBCBCBBCBBBBCBBCCCCBBBCBBCBCCCC,15.405400511
BBCCBCCBCCBCBBBBCCCCBCCCBCCBBCCC,15.6413633999
CCBCBCCCBBBCBCBCBBBCBCCBBBBBCBCC,15.33969763981
BBCBBBCCCBBCCCBCBCBCBBCBCCBBBCBB,15.2344272064
CCCBCCCBCBCCBCCBBCBBCBBBCCBCBBCC,15.5219366665
CBCCBCBCBCBCCBBBCCCCBCBBCCCCCCBB,15.4815121092
BBCBCCBCBBCCBBCBCCCCBBCCBBCBCCCB,15.459410539
CCBBCCCBCBCCCBBBCBCBBBBCCBBCCBCC,15.41458381031
BBBCBBCBCCCCCCBCCCBBCBCCCBBCBBCC,15.60477843781
CCBCCCCCCBBBCCBBCCCCCBCCBCCBBCBB,15.47940979011
CBCBCCBCBBBBBBBBCBBCBCBBBBCBCCBB,15.1902515705
BCCCBCCCCCCCBCBBBCBCCCCCCCCCCBBB,15.583017733
BBBBCBBBBBCBBBCCBCBBBBBCCCCCBBBC,15.41047769531
BBBCCCCCCCBCCCBBBBBCBCCBCCCCBBBB,15.43188390681
CCCCCBCCCCCBCCCCCBCCBCBBCCBCCCBB,15.7243617416
BCCCBCBBCBCCCCCCBBBBCCBBBBBCBBCB,15.3435252355
BCBBCBCCBBCBBBBBBBCBCBCCCBBBBBCB,15.16831186081
CBCCBCBBBBBCBCCCCBBCCBCBBCCCBCCC,15.5872487968
CBBBBCCBCBBCBCBBBBCCBBCBCCCBBBBC,15.25283455731
CBCCBCCBCBCBBCCCCCBBCCCBBCBBBCBC,15.4256303496
BCBCBBCCCBBCBBBBCBCBCCBCBCBCCBBB,15.23209807131
CCBCCCCBCBBBCCCCCCBCCCBCCCCBCCCB,15.76045514781
BCBBCBBCCBBCBBBCCCCBCCCCCBBCCBCB,15.54957420831
CCCBBBBCCCBCBBBCBCCCCBBCBBCCCCBC,15.4875670384
BCBCBCCBBBCCCCBBBCBCCBCBCBBCCBCB,15.32598179671
BBBCBCBBBCBBCBBBBBCBCCBCBBCBBCBC,15.23831975361
BBBBCBBBBBBBCBCBCCBBBBCBBBCBCBBB,15.1720681651
BBCBCBBCBBCCBBCCCCCCBCBCBBBCCBCC,15.588358466
CCCBBCCBCCBBCCBCCBCCCCCBCBBCBCCB,15.5105640829
CBBCBBBCBBCCCBBBBBBCCCCCCBBBCBCC,15.44169761511
CCCBCBCCBCBCCCBCBBBBCBCBBCCCBBCC,15.4833421571
CCCBBBCCBCCBCBBCBCCBBBCCCCBBCBCC,15.4635551191
BCBCBCBBBBBCCCBCCBCCCBCBBCCCBBBB,15.28035116511
CBBCBBBCCCBBBCBBCCCCCBBBCBCBBBCC,15.36826597431
CBCCCBCBBCBBCCCCCCBCCBBCBBBCCCCC,15.6132687899
CCBBBBBCCBCBCCCCBCBCBCBBBBCBCBBB,15.18750873141
BCCBCBCBCBCCCCCBBBCBCBCCBCBCBBCC,15.4616941871
CCBBCBCCBBBCBCBCCBCCBCCBBBCCCCBC,15.51917964731
BBCCBCCCCBBCBBCBBBBCCBCBCBBCBBCB,15.301085462
CBBCBBCBBCBCCCCBCBCBCBBBCCBBCCBC,15.40252342151
BBBCCCBCCBBCBBBCBBCCBCCCCCBBCBBC,15.4052462571
CBBBBCBBCCBCCCBBCBCBCBBCCCCCCBCB,15.55529446231
CBBBBBCCBCCBCBCCBBBCCCBCCBBCBCBC,15.45695059631
CCBCCBBBBCCBBCCBCCBCBCBCCBBCBBBC,15.31700191721
BCBCCBBCCBCCBCCBBBCCBCCCCBBCBBCB,15.36158912971
CBBBCCBBBCBBCBCBCBCCCBCBBCCBCBBB,15.25422302851
CCBCCCCCCCBCCCCCBBBCCBCBBBCCCCCB,15.75054084741
CBBCBCCCCBBCCBBBBCCCCBBCBBBBBCCC,15.36367373471
CCCCCBCCCCBBBBBCCCCBCCBBCCCCCCBB,15.4106653407
BCBBBBCCCCBBBCCCBBCBBBBBBBBBBBCC,15.06276428821
BCBBCCBCCCCCCCCCCBBBCBBCCCBCCBBB,15.26046152611
CCCCBCCBBBBCBCCCCCCBBCCCCCCCBCBC,15.565826959
CCCCCCBBBBBBBBBBCBBBBBBCCBBBBCCC,15.2036559461
CCBCBCBBBBCBBCCCBBBBBBBCCBBBCBBB,15.07917577861
BBBBBCCCBBBBCCCCBCCBBBBCBBCBCBCC,15.26915758021
BBBBBBCBBBBCCBCBBBBBBBBBBCCCBCCB,15.10279036021
BCCCBBBBBBBBBBBBBBBCBBCBBBCBCCCC,15.012695667
BBBCBBBBCBCCCCCCCCCCBBBCBBCCBCCC,15.69482525041
CBBBBCBBBCCBCCBBCCCCCBCCBBBBBCCC,15.39322039341
CCCCBCCCBCCCCCBBBCCCCCCCCCCCBCCC,15.9703238166
BBCBBBBBBBCCCBBBCCCCCCBBCCCBCCCC,16.2349824075
BBBBCCCBBBCBBCBBCCCCCBBCCCBBCCBB,15.2662468331
CCCBBBBCCCCCCBCCCCCBBBBBBBBBBCCC,15.2988063649
CBBBCCBBBBBBBBBBBBBBBBBBBCCCCCBB,14.95478708461
CBBCCBBBCBBBCBCCCBBCBBBBCCCCCCCC,15.54023266451
CCCBCCCCBCCCBBCBBCCCBBBBBBBBBCCC,15.5669027724
BBBBBCBBBBBBBBCCBCBCCBBCCBBBBCBB,15.12540213771
CCBCCCCBBBCCCCBBBBBBBBBBBBCCBCCC,15.32798386731
CCBBBBCCCCCCBBBCCCCCCCCBCCCCCCCB,15.87063848451
CCCBBCCCCBBBCBBCCCCCBBBBCCCBBBBC,15.2197324968
BBBCCCCCCCBBCCCCCBCCCCBBBCBBBBBB,15.22099922261
BBCCBBCBBBCCCBBBBBBBBCBBBCCCCCCC,15.276477238
CCBCCBBBCCCCCCCBBCCBBCCBCBBBBBBC,15.24048497651
BBBBBCCCBBBBBCCCCCCCCBCBBCBBCCCC,15.71484079961
CCBBCBBBBBBCCCBBBBBBCCCBCBCCBBCC,15.20060381
BCCBCCCCBBCCCCBCCBBCCCCCCCBBCCCC,15.7874069188
CCCCBBBCCCBCCCBCCBBCBBBCCBCBBBCC,15.2997700259
BBBBBBCCCCCCCBBBBBBBBBBBBCCCBBBB,15.08694362091
BCCCCCCBBBCCBBBCBBBCBBCCBBBBCCBB,15.2760621464
BBBCBBBBCCCCCCCCCCCBBCCCCCCCBBBB,15.40770837061
CBBCCBBCCBBBBCCCBCCCCCCBBCBBBBCC,15.26279930281
CCCCBBBBBCCCCCCBBBCBCBBCBBBBBBBC,15.2210335756
BBBBBBBCCCBBCCCCCCCCCCCBBBCCCCCB,16.012459741
BBCCBBBBCCCCCCCCBCBBBBCCCCCCCCCC,15.9188684804
BBBBCCBCCCCCBCCCCBCCCCCCBCCCBCCC,16.23568176441
CCCBCCCCBBBBCCBBBBCCBCCCCCCCBCCB,15.3776174785
BBBBBCBBBBBBBBBCCCBBBBBBBBBCCCCC,15.31386061991
BBCBCCCCCBBBBBBBCCCBCBBCCCCCCCBB,15.2530235531
CBCCCBBBCCCBBBBBCBBCCCCCCBCCCCCB,15.3935009753
BCBBBBBBBBBCCCBBBBCCBBBBCCBCBCCB,15.21201852741
CCCBBBBBBBBBBBBBBBBCCCCBBCCBCCCB,15.256573981
BCCBBBBBBBBBBBBCCBCCBBBBBBBCCCCC,15.2481104401
CCCCBBBBBCCBCCBBCCCCBBCBCBBCCCCC,15.4300294802
CCBBBBCCCBBBBBBCCCCCCCCCBCCCCBCC,15.94054200751
BCCBCCCCCCCCCCCBBBBCBCCCCCCBCBCB,15.5330775789
BBCCCCBCBBCBCBBCCBBBCCCBBCCCCBBC,15.2579185298
CCCCCCBCBBBBCBBCBBBBCCCCBCCCBBCB,15.2282921362
BBBBBBBCCCCBBBBCBCCCBBBBCCBBCCCC,15.47467873671
CBBBCCBCCBCCCCCBBCCCCCCCCCBBCCBB,15.45118571251
CBBBCCBBBBBBBBBCCCCBCCCCBCCBBBBB,15.16333607891
BCCCCCBBCCCCCCBCCBBCCBBBBCBBCCCC,15.4919579812
CCCCCCCCCCCCCCCCBBBCBBCCCCBBBCCC,16.0608769843
CBBCCBCBBBBBBBBBBBBBBBCBBCCCBBBC,14.95371871861
BBBBBBCCCCBBBCCCCCCCBCCCCCCBBBBB,15.30109183921
BBBCBBCBCBBCCCCBCBCCCBBBCBBBCCCC,15.42618992531
CCCCCCBCBBBBBBCCCCCCCBBBBBBBCCCB,15.2727296371
CCCCCCCCCCBBBBBBCBCCCBBBBBBCCCCC,15.6378965282
CCCBBBCBCCCCBBCCCCBCCCCCBCCCBBBB,15.2294906155
CCCCCBCCCCBCCCCBBBCBBBBCCBBBBCCB,15.7692174182
BBCCCCCBBBCBBCBBCCCCCCCCCBBBBBBC,15.1810726468
CCBCCBCCCCCCCCBCCCCCCCCBCBCCCBBC,15.72079868251
CBBBBBBBBBBBCBBCCCCBBBCBBCBCCBBC,15.31567114891
CBBBBBBBBBBBBBBBBBBBBBCCCCBBCCCC,15.97980291161
CCCCCCBBBBBBBBBBBBBBBBBBCCCCCCCC,15.2552753033
BBBBBBBBBBBBBCCCBBBBBCCCCCCCCCCC,17.21760763771
BBBBBCCCCBBBBBBBBBBCCCCCCCCCCCCC,16.41680555161
BBBBBBBBBCCCCBBBCCCCCCCCCCCCCCCC,17.3750333091
CCCCCBBCCCCCBBBBBBBBBCBBBBBBBBBB,16.5317716323
CCCCCCCCCCCBBCCCCCCCCCCCCBBBBBBB,15.9235160913
BBBBBBBBBBCCCCCCCCCCCCCCCCCCCCBB,16.69794006861
CCCCBBBBBBBBBCCCCCCCCCCCCCCCCCCC,16.9136172311
BBBBBBBBBBCCCCBBBBBBBBBBBBBBCCCC,15.10827783151
BBBBBBBBBBCCCCCCCCCCCCBBBBBCCCCC,16.1079808531
CCCCCCCCCCCCCCCCCCCCCCCCCCCCCCCB,16.4034653368
BBBBBBBBBBBBBBBBCCCCCCCCCCBBBBBB,15.83282194251
BBBBBCCCCCCCCCCCCCCCCCCCCCCCCCCC,17.16707177861
CCCCCCCCCCCCCCCCCCCCBBBBBBBBBBBB,18.3021509635
BBBBBBCCCCCCCCCCCCCCCCCCCCCCCCCC,17.3154458421
CCCCCCCCCCCCCCCBBBBBBBBBBBBBBCCC,17.003188475
CBBBBBCCCCCCCBCCCCCCCBBBBBBBBBBB,15.09477030431
BBBBBBBBBBBBBBBBBCCCBBBBBBBBBBBB,15.11869353421
BBBBBBBBBBCCCCCCCCCCCBBBBBBBBBBB,15.10243985381
CCCCCCCCBBBBBBBBBBBBBBBBBBBBBBBB,16.9297038171
CCCCCCBBBBBBBBBBBBBBBBCCCCCCBBBC,15.1507218774
BBBBBBBBBBCCCCCCCBBBCCCCCCCCBBBB,15.62280106611
BBBBBBBBBBBBBBBBBBBBBBCCCCCCCCCC,17.23455936241
CCCCCCCCCCCBBBBBBBBCCCCCCCCBBBBB,15.7053198948
CCCCCCCCCCCCCCCCCCCCCCCCCCCCCCCC,16.7346109005
BCCCCCCCCCCCCCCCCCCCCCCCCCCCCCCC,16.7567540911
BBCCCCCBBBBBBBBBBBBBBBBBBBBBBBBB,15.8416354645
BBCCCCCCCCCBBBBBBCCCCCCCCCBBBBBB,15.3315724218
BBCCCCCCCCCCCBBBBBBBBBBBBBBBBBBB,17.3409590556
BBBCCCCCCCCCCCCCCCCCCCCCCCCBBBBB,15.05954145291
CCCCCCCCCCCCBBBBBBBBBBBBBBBBBCCC,16.5951950594
BBBBBBBBBBBCCCCCBBBBBBBBBBBBBBCC,15.0387483471
CCCCCCCCCCBBBBBBBCCCCCCCCCCCCBBB,15.4745786325
CCCCCCCCCCCCCCCCCCCCCCCCCCCCCCCC,16.7349137802
CCCCCCCCBBBBBBBBBCCCCCCCCCCCCCCB,15.5375962604
CCCCCCCCCCCCCCCCBBBBBBBCCCCCCCCC,16.1680803044
BBBCBCCCCCCCCBBBBBBBBBBBBBCBBBBB,15.94020829591
CCCCCCCCCCCCCBBBBBBBCCCCCBBBBBBB,16.3969411801
BBBCCCCCCCCCCCCCCCCCCCCCCCCCCCCC,16.91938467751
CCCCCCCCCCCCCCCCCBBBBBCCCCBBBBBB,16.7835727615
BBBBBBBCBBBCCBBCCCCCCCCCCCCCCCCC,17.58778964031
CCCCCCBCCCCCBCCCCBBBBBBBBBBBBBBB,17.6106077673
BCCCCCCCCCCCCCCCCCCCCCCCCCCCCBBB,15.6950301475
CCBBBBBBBBCCBBBBBBBBBBBBCCCCCCCB,15.18273690911
BBBBBBBBBBBBBBBBBBBBBBBBBCCCCCBB,15.27518568111
BCCCCCCCCCCCCCCCBBBBBBBBBBBBCCCC,16.6476129939
CCCBBBBBBBBBBBBCCCCCBBCCCCCCCBBB,15.4804889856
CCCBBCCBBBBBCCCCCCCCCCCCCCCCCCCC,16.6162644108
CCCCCCBBBCCCBBBBBBBBBBBBBBBBBBBB,16.5646325825
BBBBBBBBBBBBCCCBBBBBBBBBBBBBBBBB,15.1036119141
CBBCCCCCBBBCCCCCCCCCCCCCCCCCBBBB,15.34631346331
CCCCCBBCCCCCBBBBBBBBBBBCCCCCCCCC,15.501488789
CCCCCCCCCCCBBBCBBBBBBBBBBBBBBBBB,17.6643810781
CCCCCCCCBCBCCCCCCCCCCCCCCCCCCCCC,16.4826587195
CCCCCCBBBBBBBBBBCCCCCCCCCCBBBBBB,15.210485511
CCCBBBBBBBBBBBCCCCCCCCCCBBBBCCCC,15.7781600491
BCCCBBBBCCCCCBCCCCCCCCCCCCCCCCCC,16.675783695
CCCCCCCCCCCCBBBCCCCCCCCCCCCCCCCC,16.2801526984
CCCBBBBBBBBBBBBCCCCCCCCBBCCCCCCC,16.5372453246
BBBCCBBBBBBBBBBBCCBBBBCCCBBBBBBB,15.00691204481
BCCCCCCCCCCCCCBBBBBBBBBBBBBBBBBB,17.9662036219
BBBBBBBCBBBBBBBBBBBBBBBBBBBCCCCC,15.18904847591
CBBBBCCCCCCCCCCCBBBBCCCCCCCCCCCC,16.08716697581
CBBCBBCBBCBCBBBCBCCBCBCBCBCBCCBB,15.09929314871
CBBBBBBCBCCBBCCBBBCCCBCBBCBCCCCC,15.62299867831
BBBCBCCCBCCCCCBBCBBBBCBBBCBBCCBC,15.22484127331
CBCCCBCCBCBCBCBCCCBBBCBBCCCCBBCC,15.3837528846
CBCBCBBBCBBBBCBBCCCCCCCBBBCCBBCC,15.3344841483
CCBCBCBBCBCBBBCBCCBCBBBCCCBCBCBB,15.10735256891
CBBCCBBCCBBCBCCCCBCCCCBCCCBBBCBB,15.18595802871
CBCCCCCBCCCCBBCCBCCCCBBCBBBCBCCB,15.4649291633
BCCCBCCBBBCCCBCBCCCCBBBBBBCCCCCB,15.2837044725
CBCCCBCBCBCBBCBCCBCCBCCCBCCBCBBC,15.3020351796
CBBCBCCCCBCBCBBCBBBCBCBCBCCCCCCC,15.49046000561
BCBBBCBBCCBCCBCBCCBBBCBCBBBBCBBC,15.04627862251
BBCBBCCBCCBCCCCBCCCBBCBBBBCBCBCC,15.2852283713
CCBCBCBBBBCBBBCBBBBCBBBCBBCCCBCC,15.05564932311
CBBCBCBCBBCCBBBBBCCCBCBCBCCBCBCC,15.2946067941
CCCBBBBCBBCCBCCBCBCBCBCBBCCBBCCB,15.1636104605
CBBCBCBBBCBCCCBCCBBBCBBCCBCBBCBB,15.05270898281
BCCCBCBCBBCCCCBCCBCBCBBBCBBBBBBC,15.2017454444
CCBCBCBCBCBCCCBBBBBCCCBBCCBBCCCC,15.32855539841
CCBBBCBBCBBCBCBCCBBCCCCCBBBBBBBC,15.064472451
BBBCCBBBBCBCCBCBBBBCCBCBCCCBBBCC,15.26597046571
BBCCBCCCCBBCBBCCBCCCCCCCCBBCBCCC,15.6903611109
CCBCBCCCCBBCBCBBBCCCBBCCCBBCCCCB,15.31847318481
BCCBBCBCBBCBCBCBCBCBBCBCCCBCCBBB,15.0888435436
BBCCBCBBCCCBBCBBCBCCCCCBBBCBBBBB,15.0514789415
BBCBCCCCBCBCCBBCBCBCBBBBCCCCBCBC,15.2904093496
BBCBBCCBCCCBCBCCBBBBCBCBBBCCCCCB,15.231252239
CCBBCCCBCBCCCCBBCCBBBBBCCCBBBBCB,15.24991098251
CBCBCBCBCCCCBBCBBCCBBBBBBBBBBBBC,15.3574768407
BBBCBBBCCBCCCBBBCBCBBCCCCBBCBBCB,15.13832901871
CBBBBBBCBCCBCBCBBCCCBBCCCBCBCCCC,15.76271927521
CCCCCCBCCCCBCCCCBCCBBCCBBCBCBBCC,15.7074538553
CCBCCBCBBBCCCCBBCCCBCCCBCBCBBCCB,15.27754904971
BBCBCBBBBCBCCCBCBBBCBCCCBCBCCCBC,15.4657356213
CBBBBBBBBCBCBCCCCBCBCCCCBCBBBBBC,15.27949703331
CBBCBBBBBCCBCCCBCBBBBBBBCCBBBBBB,15.00027273631
CBCCCCBBCBCCCBCCCCCCBCBBBBBBBBBC,15.3654882079
BCCCCCBBCCBBCBCBBBBCBBCBCBCBCBBB,15.2328566943
CCCBCCBCCCBCCBBBCBCCCBCCBCCBCCBB,15.3369401678
BCBCBBBBCBCCCBCBBBBCBCCBBBBBCCCB,15.05205357591
CBBBBBCCBBBCBCBBBCBBCCCBBCCCCCBB,15.24984504741
BCCBBBBBCCBCCCBBBCBBBBCCBCCBBCBC,15.1527004396
BBCCBCBCCCCCCBCCCBBCBBBBCCBCCBBC,15.2958454605
BBCCBBCBCCBBBBBBBCCCCCCBBCCBBCBB,15.0956356975
BBCCBBCCCBCCCBBCCBCBBBCCCBBCCBBC,15.2817300504
CBBBCCCBBCCBBCCCCCCBCBBBBCCCBCBC,15.34383267911
BCBCBBCCBBBBCCBBBCBCBBBBCCCBCCCB,15.14617232911
CBBBCBBCBBCCCCBBBBCCCBCCBCBBBBCB,15.0680764781
CCBCCBBBCCBBBBCBBCBCCBCBBCBBBBBC,15.08043111791
BBBBBBBBCCCCBCCCCCCCBBBBCBCCCCBB,15.51172218731
BBBCCCCBBBBCCBBBCBCBBCBBCCCCBCCB,15.21155956871
CBBCBBBCBCBCCCBBCCBCBCBBCBBCBCBB,15.04182442081
CCCBCCCCBCBCBCCCBCCBBBBBBBBBCCBC,15.5331159957
BCCCBBCBBCCBBCCCBBCCCCCBCCBBCCBB,15.2532073425
CBBCCCBBCCCCCBBCCCBCBCBBBCCBCBBC,15.27668605451
BCCBCCCCBCBCCCBCCCCBBCCCBBBBBBCC,15.3507364185
BCCCBBBCCBCBBCBCBBCCCBBCBBBBCBBB,15.0536066578
CCCCCCBBBBCBBCCBCCCBCBCBCCBBBCCB,15.2705223
BBCBBBCCCBCBCBCCBBBCCBBBCBBBBBCC,15.0677554084
BCBBCCCBBBBCBBBBBCBCBCBBBCBCCCCB,15.08342193711
BCBCBBCCBBCCCBBBBBBCCCCBCCCCBBBC,15.22538922681
BBBBBCCBBCCBBCCBBBCBBBBBCCBCBCBC,15.12214122451
CBBCCBCCBCBCBBBCBBCCCBCCBBCBCBBC,15.18486024831
BCCBBBBCBCCBCBCBBCBBBBCBCBCBCBCB,15.0479466604
BCBBBCBBBCCBBBCCCCCCCCCBBBBBCBBB,15.06985346841
BBCCBBBBCCCBBBBCCCCCBBCCBBBCCCCC,15.5403768613
CCBBBCCCCBBCBBBCBBBBBBCCCBBBBBBB,15.22643172981
CCCCCBCBBBBBBCBBBBCCCBBBBCCBBBBB,15.2927175617
CCCCCCCCCCCCBBCCBBBBCBBBBBBBBBBB,17.6128267726
CBBCCCCBBBBBBCBCBBBCCCCBCCCCCCCC,15.76094850081
CCBBBBBBBBBBBCCBCCCBBBCCCCCCBBBB,15.27624475511
CCCCBBCBBBBBCCCBBCCCCBBCCBCCCBCC,15.4410325528
CCCCCCBBBCCCCCCCCCCCBCCCCBBCCCCC,15.9453597898
CCBBCBCCCBBBBBCCBBCCCCBCBBBBBCCB,15.10356239611
BBBCBCCCCCCBBBBCBBBBCCBBBBBBCBCC,15.18209827521
CCCCBCCCCCCCCBBBBCCBBBBBBBBBBBBB,17.1638486657
BBBBBBCCCBBBBBCCBBCCBBCCBBBBBBBB,14.98671153371
BBBCCCBBCCBBBCCCCCCCCCCCBBBCCCCC,15.94084438731
BCCCCBBBBBBBBBCBBBCBBBBBBBCCCCCB,14.9955448856
BBBBBBBBBCCBBCBBBBBBBBCBCCCCCCCB,15.62776133591
CCCCBBBCBBBBCBBBBBBBCCCCCBBCBCBB,15.0382990356
CCCBBCBBCBCCBBBBCBBCCBBBBCCCCCBB,15.1138079868
BBBBBCCCCCCBBCCCCCCCCCCCCBBBBCCC,15.81602601591
CCCCCCCBBBBBBBBBCBBBCCBBCCCCBBCB,15.2480351113
CCCBBBBBBBBBCCBBCCCBBBBBCCCCCCCB,15.3496150249
BBBBBCBBBBBBBBCBBCCBBBBBBBBBBBBB,15.07770647571
CBBBBBBBCBCCCBBBBBBBBBCBBCCCCBBB,15.0201261061
BCCCBBBBBCCBBBCCCBBCCCCCCCCCCBBB,15.4030494482
BBBBBBBBBBCCBBBBBBCCCBCCCCBBCBBC,15.58338987881
CCCCBBCCCCBBBCBBBBBBBBBBBBBBBBCB,16.0285892646
CBBBBBBCCBBBBBBCCCBBBBCBBBBBBCCC,15.02794068341
CCBBBCCCCCCCBBBCCBBBBBBBBBBBCCBC,15.38997211761
BBBBCBBBBBCCBBCCBBCCCBBBCBCCBBBB,15.09638676171
BBCBBCCCCCBBBBBBCCCCCCBBBCBBBBCC,15.1554664432
CCCBCCCCCBBBBBCCCCCCBCCBCCCBBBBC,15.3422369901
BBBBCCCCCCCBCBBBBBBBBBBBBBBBBBBC,15.69183225561
BBBBBBBBBBBCCCCCCBBBBCCCCBCCBBBB,15.40781742991
CCBBCCBBCBBBBBBBCBBCCCCCBBBBBBBB,15.05469739841
BBBBCCCBCCBCBBCCCBBBBBBBBBCCCBBB,15.06947589851
BBBBBBBBBCCCCBCCCCCBBBBCBBCCBBCC,15.46426369341
CCCCBCCCCCBBBCBBCBBBBCBBBBCBBBCB,15.8208625206
CCCBBBBBCBBBBCCCCCCCBCBCBBCCBBBC,15.2186997102
CBBCCCCCCCBCBBCCCCCBBBBBCBBCCCCC,15.48179693621
CCCCCCBBBBBBBBBBBBCCCCCCCCCCCCCC,16.193719139
CCCBCCCBBCCCCCCCCBBBBBBCCCBCCCCC,15.5934861476
BBBCBBBBBCCCCBCCCCCBBBBBBBCCBCBB,15.08592023321
BBCBBBCBCCCBBBCBBBCCCCCCCCCCBCBC,15.786177711
BCCCCCBBBBBBCBBBBBBCCCBBBBCBBCBB,15.1288973075
BBCCCCCCBCCCCBCCBBBBBCCCCBCBBBBB,15.3681318836
BCBCCCCCCCCCCCCCCCCBCCCBBBBBBBBB,16.71589777171
BBBBBBCCBBBBBCBCCCCCCBBBCCCCCCCB,15.98185419241
BBBBCCBCCCCCCBCBBBBBCCBCBBBBBCCB,15.16193022561
CCBBBBBCBCCCCCBCCBCCBBBCCBCCBBBC,15.23662821461
BBBBBBBCCCCCBBBBBBCCBBBCCBCBBBBB,14.99465658991
CCCBBCCBBCCCBCCBCBBBBCCCCBCCCCCB,15.4246771737
BBCCBBBBBCBBBBBCBCCCCBBBBCCBCBBC,15.1533778261
BCCCCBBBBBCCCBBBBBCCCCBCCCCCCBCB,15.3331889476
BCBBBBBCBCCCBBBCCCCBBBBBCBBBCBBB,14.97371567621
BBBCCBBCBCBBCCCBBBCCCCCCCCCCCCBC,16.12060320351
BBBBCBBCBCCCCCBBCCCCCCCCCCCBCCBB,15.81629962871
BBBCBBBCBCCBBBCCCCCCCCCCCCCCCBBB,15.79655207841
BBBBCCCCCCCBBBBBBCBCBCBCCCCBBCBB,15.13689591261
BBCCBBBCBBBCCCBBCCCCBCBBBBBBBBBC,14.9969299702
CCCCCBBCCCCCCCCBBBBBBBCCCCCCCCCC,15.6958510086
CBBBCCCCCBBCCCCCCBBCBCCCCCCBBBBB,15.16659409361
BBBBBBCCCCCCCBBBBBBBBBCBBBBBBBBC,15.16863239591
CCBCCCCBCCCCCBBCCBBBCBCCCCCBBCCC,15.59849330551
BBBCBBBBBBBBBBCBBCCCCBBCBBCCCCCC,16.1651723781
BBBBBBBBBBBCCCCCCCCCCCCCCCCCCCCC,18.03234973061
CCCCCCCCCCCCBBBBBBBBBBBCCCCCCCCC,16.0469791173
CCCCCCCCCCCCCCCCBCCCCBCCCCCCCCBB,15.9690947875
CCCCCCCCCCCCCCCCCBBBBBBBBBBBBBBC,17.9600159878
CCBBBBBBBBBBBBBBBBBBBBBCCCCCCCCC,16.75132764021
CCCBCCCCCCCCCCCBBBBBCCCCCCCCCCCC,15.950010901
BBBBBBBBBBBBBBBBBBBBBBBBBBBBBBBB,15.28750220381
CCCCCCCCCCCCCCCCCCBBBBBCCCBBBCCC,16.2004612297
CCCCBBBBBCCCCCBCCCCCCCCCCCCCCCCC,16.5200589333
BBBBBCCCCCCCBBBBBBBBBBBBBBBBBCCC,15.25253453761
CBBBBCCCBBBBBBBBBBBBBBBCCCCCCCCC,15.67349255921
BBBBBBBBBBBBBBBCCCBBBCCBBBBBBBBB,15.10407424281
BBBBBBBBBBBBBBBBBBBBBCCCCCCCCCCC,17.41317633151
CCCCCCCCCCCCCCCCCCCCCCCCCBBCCCCC,16.3759785474
BBBBBBBCCCCCCCCBBBCCCCCCCCCCCCCC,16.79602764811
BBBBBBBBBBBBBBBBBBBBBBCCCCCCCCCC,17.23529796931
CBBBCCCCBBBBBBBBBBBBBBBBBBBBBBBB,15.68558159151
BBBBBBBCCCCCCCCCCCCCCCCCCCCCCCCC,17.47432174081
BBBBBBBBBBCCCCCCCBBBBBBBBCCCCCCC,15.76035929451
BBBBBBCCCCCCCCCCCCCCBBBBBBBBBBBB,14.93544639671
BBBBBBBBBBBBCCCCBCCCCBBBBBBBBBBC,15.1848758491
CCCCCCCCCBBBBBCCCCCCCCCBBCCCCCCC,15.8199039927
CCCCBBBCCCCCCCCCCCCBBBBBBBBBBCCC,15.5879112998
BBBBBBBBBBBBBBBBBBBBBBBBBBBBBBBB,15.29191101621
CCCCCCCCCCCCCCCCCCCCCCCCCCCCCCCC,16.7129330715
CCCCCCCCCBBBBBBBBBBBCCBBBCCCCCCC,15.5457278924
CCCCCCCCCCBBBBBCBCCCCBBBBBBBBBBB,16.4199189388
BBBBBBCCCCCCCCCCCCCCBBCCBBBCCBCC,15.75369354011
CCCCCCCCCCCCCBBBBCCCCBBBBBBBCBBB,16.7601017813
CCCCCCCCCCCCCBBBCCCCCCCCCCBBBCCC,15.9545902134
BBBBCCCCCCCCCCCBBBBBBBBBBCCCCCCC,15.62996581871
CCCCCCCCCCCCCCBBBBBBBBBBBBBBBBBB,18.3128021358
BBBBBBBBBBCCCCCCCCCCCCBBBBCCBBBB,15.29501763571
CCBBBBBBBBBBBBCBBBBBCCCCBBCCCCCC,16.09704662151
BBBBBBBCCCCCCCCCCCBCCCBBBCCCCCCB,15.99794280091
CCCCCCCCCCCCCCCCCCCCCCBBBBBBBCCC,16.3733753114
BBBBBBBCCCCCCCCCCCCBBBBBBBBBBBBC,14.97729649651
CCCCCCCCBBBBBCCCCBBBBBBBBBCCCCCC,15.4789712008
CCCCCCCCCCBBBBBBBBBBBBBBBBBBBBBB,17.465465895
CCCCCCCCCCCCBBBBBBBCCCCCCCCBBBCC,15.7208582178
CCBBCCCCCCCCCCCCCCCCBBBBCCCCCCCC,15.98758194111
CCCCCCCCCCCCCCCCCBBBBBBBCCCCCCBB,16.1879771778
BBBBBBBBBBBBBBBBBBCCCCCCCCCCCCCC,18.3764875571
CCCCCCCCCCBBBBBBBBBBBBBBBCCCCCCC,15.8736370392
BBBBBBBBBBBBBBBBBBBBBBBBBCCCCCCC,16.53533694091
BBCCCCCCCCBBBBBBBBBBBBCCCCCCCCCC,15.5308406184
CCCCCCCBBCBBBBBCCBBBCCCCCCCCCCCC,15.6225736058
BBBBBBBBBBCCBBBBBBCBBBBBBBBBBBBB,15.10226859981
CCCCCCCCCCCBCCCCCCCCBBBBBBBBBBCB,17.3451721572
BBCCCCCCCCCCCCCCCCCCCCCCCCCCCCCC,16.8062047147
BBBBBBCBBBBBCBBBBBBBBBCCCCBCBBBB,15.09890313751
CBCCCBBBBBBBBCCCCCCCBBBBBBBBBCCC,15.1303177038
BBBBCCCCCCCCCCCCBBBBBBBBBBBBBCCC,15.77840937241
CCCCCCBBBBBBBBBCCCBBCBCCBBBBBBBB,15.3545703651
BBBBBBBBBBBBCCCCCCCCCCCCBCCCCCCC,17.75192123471
BBBBBBBBBBBBBBCCBBBBBBBCCCCCBBBB,15.29456410161
CCCCCCCCCCCCBBBCCCCCCBBBBBBBBBBB,17.1068819454
CBBBBBBBBBBBBBBBBCCCCCCCCCBBBBBB,15.59036269551
CCCCCCCCCCCCCCCCBBBBBBBBBBBBBBBB,18.574337167
BBBBBBBBBBBBCCCCCCCCCCCCCCCCCCCC,18.13892350291
BBBBCCCCCCBBBBBBBBBBBCCCCCBBBBBB,15.08749725341
BBBBCBBBBBBBBBBBBBBBBBBBBBBBBBBB,15.28013860851
BCCBBBBBBBCCCBBBBBBBBBBBCCCCCCCC,15.479675048
CCBBBBBBBBBCBBBBBBBBCCCCCCCCCCCC,16.90310044551
CBCCCCCBCBCBCBBBBBBBCCBCBBBCBBCB,15.3561876076
BBCCCBCBCBCBCBCBCBBCBBCBCBCCCBBC,15.2038034797
BCCCCCCBCCBBBBCCCBBCCBBCCBCCBCCB,15.3267934158
BBCBBCBBBCCBCBBCCBBBCCCBBBBCCCBC,15.257132472
CCCCCBCBBBBBCBBCBCCCBBCBCBCCBCBC,15.2360482341
BCBBCBBCBCBCCBCBCCCCCCCCCCBCBCCB,15.78689862231
BBCCBCCCCCCCCBCCCBBBCCCCCCBBCBCB,15.4356032015
BBCBCCBCCCCCCCBBBBBCBBBCBBCCCBBB,15.2457690548
BCCCBCBCCBBCBCBBBBBBCBBBBBCCCBBB,15.1455736669
CCCBCCBBBCBCBBCCBCBBCBCBBCCBBBBB,15.1430768967
BBCCBBBBBCBCCCBBBBCBCCBCBCBCCBBB,15.099803535
CCCCCCBCCBBBCBBBBBCBBCBCCCBCCCBB,15.3286732927
BCCBBCBCCBBBCBCBCCCCBBCBBCCBCBCB,15.1386143356
BBCBBCBCBBCBBBCCBBBCBCBBBBCCCCCB,15.1817255421
BBBCBCBBBCCBBCBBBBCBBCBCCCBCCCCB,15.34623335251
BCBBCBBCBCCCBBCBBBCCBBCCCBCBBBBB,15.0191826491
CBCBBCCCBCCCBCBCCBBBBCCBBCCCBBCC,15.3004795416
BBCBBCCBBBCBCCBCCCCCCBCCBCCCBCBB,15.4532347112
BCCCCCBCBCCBCBBCCCCBCBCBBBCBCCBB,15.2835015402
BCBBCCCBBBCCBCBBBCCBBCBBBCCBCCBC,15.15527211681
BBBBCBCCBCCBBBCBCCCBBCCBCCBBBCBC,15.27541707551
BCCCBCBCCCBCCCBCBCBCCCBBCBCBBBCB,15.2296765532
CCCCBCBBBBBCBBBBBCBBCCBCCCBBBCCB,15.1023254106
CCBCCBCBCBBCBBBBBCBCBCBBBCBBCBCC,15.14468749661
BCBBBCCBCCCCCCCCBBCBCBCCBCCCBCCB,15.51365794611
BCCCCCBCBCCBCBBCBBBCCBBCBBBBBCBC,15.3549392742
CBBCBCBBCCBCCCCBBCBCBBBCBBBCBBBC,15.09613237381
BBCBCBBBCCBCBBCBBCBBBBBBCBCCCCCB,15.1257347523
BBCBBCCCBBBCCCBBBBCCCBCCBBCBBBBC,15.1020454573
BCCBBBCBCCCCCCCCBBBBBCBCBCCBBBCB,15.1268390478
BBCCCCCCCBCCCBBCCBCCCBCCCBCBBBCB,15.3472463838
CBBCCCBBBBCBBCCCBBCBBBCBCCCCCCBC,15.35185577471
CBBBBCCCBCCCCBCCCCBCBBBCBCCCCCCB,15.51023420261
CCCCBBBBCBCCCCBCCCBBBBCBCCBBCBBC,15.2195964188
BBBBCCCBCBBBCCCBCBBBBBBBBCBBCBCC,15.07790062451
CBBBCBCBCCBCBBCBCCBCBBBBBCCCBCBC,15.18537018051
CBBBCBCCCBBCBBBBBBBCCCCCBBCBCCCC,15.36041302191
BCBBCCCCBCBBCCCCCBCBCBCCCCBCBBCB,15.3213445551
BBCBCCBCCCCBCCBBCBCCBBBCBCCCBBBB,15.1365681089
BBCBBBBBCCBCCBCBCCCCBCCBBCBCCBBC,15.4435565095
BBBCBBBBBBCCCCBBBBCCCBCCCBBCBCBB,15.2604060421
CBCBBCCCCCBCCBBCBBCCCCBBBCCCCBBB,15.2278409902
CBCBBCBBBCCCCCBBCCCCCBBCCCCCCBCB,15.5831435396
CBBBBCBCCBCBCCCCCBCCBCCBCCCCBCBB,15.43840721731
CBBCBBCBBBBBCBBCCBCBBBCCCBCCBCBC,15.29321341
BCCBCBCBBBCBBBCCBBBCBCBBBCCCBBBC,15.0833673823
BBBCBCBBBBBCBBBBCCBBBCBBBCCCCCCB,15.24028508351
BCBCCBBCCCBCBBBCCCCCCBCCCBBCCBCB,15.3606689291
CCBBCCBBCBCCBCCCBCCBBBCBBCCBCCCC,15.39488080771
BBCCBCBCCBCBCBBBCCCCBBBCCCCCCCBB,15.33417484
CCBCBBBBBCBCCBCCBBCBBBBBBBBBBCBB,15.11198583691
BBBBCBCCCCBBCBBCBBBBBCCCBBBCBBBC,15.02858781091
CBBBBBCBBBCCBCBCCBBBCCCCCCCCBCBB,15.4795594461
CBCCCBCBBCBCCCCBCCCBCCCBCBBCCCBC,15.4947279941
BBCCCCBBBCCBCCCBCCBBCCCBCBBCBCBB,15.1551580962
CCCBBCCBBBCBCCCBCBCCCBBCBBBBCCBC,15.2170183781
BCCBBBCCCCCBCBBCBBBCCBBCCCBBBCCC,15.2745808728
CBBBCCBBBCCBCCBBCCBCCCCBBBCBCBBC,15.20116141081
BBBBBCBBCCCCCBCBBCBBBBCCCCBCCBBB,15.16955201961
BBCCBCCCBBBCCCCCBBBCCCCCCBBBCBCC,15.4381285496
CBCBBCCBCBCBBCBBBCCBCCCCBCBCBCBB,15.1626180058
CCCCBCBCBBBBCBCBCBCCCCBCCCCCBCCC,15.6470878988
CBBCCCCCCCBBCBBCBCCBBBBCCCBBCBBB,15.28783226951
BCCCCBCCBCCCBBCCCCBCBBCBBBCCCCCC,15.5452079175
BCCCBCCCCCCCCBBBBBBBBBBBBBCCBBBB,16.2944917143
CCCBBBBBBBBBBBBBBBBBCBBBBBBCCCCC,14.9501900694
CBBBBBCCBBBBCBBBBBCCCCCCCBBCCCCB,15.59231869471
BBBBBBCCCCCCCCCCBBBCCCCCBBBBBBCC,15.35059971171
BBCBCCCCCCCBBCBBCCCCBBBCCCCCCCCC,15.8029474931
BBCCCCCBBBCCCCCCCCCCCBCCCCCCBBBB,15.3046711083
BCBBBBCBBBBCCBCCBBBCBBBBBCBBCBBC,15.00134014281
BBBBBBBBBBBBCCCCCCCCCCCCCCCCCBCC,17.64847926971
BBCCCCBBCCBCCBBBCCCBBBBBCCCBCCCC,15.3287918204
CBBBBBBCBBBBBBCCCCCBBBBBBBBBBBBB,15.02084603851
CCBCCBCBBBBCCCCBCCCCBBCBCCCCCCCC,15.82041932021
BBCCCCBBCCCCBBBBCCCCBBBBBCCCBBBC,15.2219792293
BBCCCCCCCCBBCCBBCBCCCCCCCCCCCCBB,15.6097584875
BBBBBCCBBBCCBCCBBBCBCCBBBBBBBBCC,15.03710581111
CBBBCBCCCCCCCBBCCCCCCCBBBBBBCBCB,15.16926246241
CCBBBCCCCCBBCCCCCCCCCBBBBBBBCCBB,15.21570118021
CCCBBBBBBBBBBBCCCCBBBBBBBBBBCCBB,15.0215981756
CCCCBBBCCCCBBBBBCCCCCCCCCCCCCCCC,16.1149216145
CBCBBBCBBBCBBBBBCCCBCCCCCCBCCCCC,16.2991267253
BBBBCCCBCCBBBBBBBBCCBBBBBBBBBCBC,15.05902188211
BCCCBCCCCCCCBBBCCBCCCCBBCCBBBBCC,15.4477349994
CBCBBBBBCCBBBBBBBBBBCCCBBBCCCBBB,15.0084755454
BBBCCCCBBCCCBBBBBBCCCCCBCCCBBBBC,15.18971627751
BCBBBBBCBBCCCCCCBCCCBCBBBCBCCCBB,15.27983834371
CCBBCCBCBBBBCBBBBBBBBBBBCBBBCCCC,15.03351644521
CBBCCCBCBCCCCCCCBCCCCBBBBBBBCCCC,15.46137255811
BBBBBCCCCCCCCCBBBBCBBBBCBBBBCCCC,15.29747140641
BBBCCCBBBCBBBCCCCCCCCCCCCCCBBBBB,15.28411159851
CBBBCCBBCCBBBBCCCCCCCCBCCBBBBBBB,15.01123253091
BBBBCCBCBBBBCCCCBBBBBBCCCCCBBBBB,15.05455743461
CCCCBBCBCCCBCCCCCCCCCCCCCCCCBBBB,15.3785336438
BBBBCBBBCCBBBBBBCBCCCBBCBBBCBBCB,15.04936403071
BCBCCBBBCBBBBBBBBBBCCCCBBCCCCBBB,15.04608943811
BBBCCCCCCCCCCCBBCCCCCCCCCBCCCBCB,15.81551325421
CCCCBBBBBBBBBBBCBBBBBCBBBCCCCCCC,15.191835201
BBBBBBBBCCCCCBCBBBBCBBCBBBCCBBBB,15.00787368311
CCCCCBBBBBBBBCCBBCCCBBBBCBCCCBCC,15.1972428147
BBCCCCBBBBCCBBBCCCBBCBCCCCCBBBCC,15.3133271836
CCCCBBCCBBBBCBBBBCBCCBCCBCCCCBBC,15.2325252682
CCBBBBCCCBCBBBBBBBCCCCBCBBBBBBBC,15.03982974351
CCCCCBBBCBCCCCBCBCCCCCCCCCCCBBCC,15.7683041898
CBCCCBBBBBCBBCCBCCCBBCBCCCBCCBBB,15.1446556736
BBCCBBBCCBBBBCBBBBBBBCBBCCCCBCCB,15.0685339922
CBBBBBCBBCCCCBBCCCBCCCCCCCCBBCBC,15.78367881561
CBBCCBBBBBBCCCCCCBBBBBBCBCCCBCBB,15.07151676561
BCCCBCBBBBBBCCBBBBCCCBCCCCCBBBBB,15.0474880082
CCBCCBBBCCBCCCCBBCCCBBCCCCBCCCCC,15.7530483241
CCBCBBCCBCBCCCCCCCCCBBBBBBCCCCCC,15.55344189591
BBCCCCCCBBBBBBCCBBCCCCCBCCCCCCCC,15.801609871
CCCCBBBCBBCBBBBBBBBBCCCCCCBBBBBB,15.0915984871
BCCCBCCCCCCCCCBBBBBBBCBBBBCCCCBB,15.669348719
BCCBBBBBCBBBBBBBBBCCCCCCBBBBBBCC,15.1172679994
CCCCCCBBBCCBCCCCCCCCCBBCCCCCCCCB,15.7883075502
CBCCBBBBCCCCBBBBCCCBBBBBBBBCCCBB,15.078682831
CBBBBCBBBCCBBBBBBBCCCCCCCBBBBBBB,15.07346202511
BBBBBCBCBBBBBCCCBBCCCCCCBBBCCBBB,15.27922939991
BBBCBBBBBCCBBBBBBBBBBCCBBBBBBBBB,15.07119178351
BBBBBBCCCCCCCBBBCCBCBCCCCCBCCCCC,16.13828309391
CCCCCBBBCCCCBBCCCBBBBCCCBBBCBCCC,15.3842929424
CCBBCCCCCBBCCBCBCCBBCCCCBCCCCBCC,15.63643004241
CCBBBCCCCCBBBBBBBBBCCCBBBCCCCBBB,15.11560811911
CCBCBBBBBBCCBBBBBBCBBBBBCCCCCCCB,15.15686725681
BBBBBBBBBCBCBCCCBBBBBCCBBBBBBCBB,15.02649630231
BCCCCCBBBBBCCCCCCBBCBBBCCCCCCCCC,15.6361205642
BBCCCCCCCCCCCCCCCCCCCCCBBBBBCCCC,15.885965855
CCCCCBBBBBBCCCCBBBBCCCCCCCCCCCCB,15.6089772581
BBBCCBBBBBBBBBBBBBBBBBBBBBBBBCCC,14.93340770461
CCCCCCCCCCCCCCCCCCBBBBBBBBBBCCCC,16.8279147198
CCCBBBBBBBBBBBBBBCCCCCCBBBBBBBBB,15.0844109908
CBBBBBBBBBBBBBBBBBBBBCBBBBCCCCCC,15.65899402371
CCCCCCCCCCCCCCCCBBBBBBBBBBBBBBBC,17.8761472582
BBBBBBBBBBBBBBBBBBBBBCBBBBBBBBBB,15.21219759111
CCCCCCCCCCCCCCCCCCCCCCCCCCCCCCCC,16.7236739122
BBBBBBBBBBBBBBBBBBBBBBBCCCCCCBBB,15.49337025941
CBBBBCCCCCCCCBBBBBBBBBBBBBBCCBBB,15.49070443791
CCCCBBBBBCCCBBBBBBBCCCCCCCCCCCCC,15.9702948138
BBCCCBCCCCBBBBBBBBCBBBBBBBBBBBBB,15.8973827215
CBBBBCCCCCCBBBBCCBCCCCCCCCCCCCCC,16.28389523281
CCCCCCCCCCCCCCCCCCCCCCCCCCCCCCCB,16.3794336051
CBBBBCCCCCCCCCCCBBCCCCCCBBBBBBBB,15.00183357021
BBBBBCCCCCCCCCCCCCCCCCCCCCCCBBBC,15.97377828891
CCBBBBBBBBBBBBBCBBBBBBBBBBBBBBBB,15.32380805291
CCCCCCCCCCCCCCCCCCCCCCCCCCCCCBBB,15.7794619221
CCCCCCCCCCCCCCCCCCCCCCCCCCCCCCCC,16.7170281133
BBBBBBBBBBBBCCCBBBBBBBBBCBBBCCCC,15.26970994961
BCCCCCCCBBBBBBBBBBBBBBBBBBBBBBBB,16.488824904
CCCCCBBBBBBBBBBBBBBBBBBBBBCCBBBB,15.5148579368
BBBBBBBBBBBBBBBBBBBBCCCCCCCCCCCC,18.24456959291
BBBBBBBBBBBBBBBBBCCCCCCCCCCCCCBB,17.08075523221
BBBBBBCCBBCCCCCCCCBBBBBBBBBBBBBB,15.10190862241
BBBBBBBBBBBBBCCCBBBBBBBBBBBBCBBB,15.07445807031
BBBBBBBBBCCCCCCCCCCCBCCCBBBBBBBB,15.13088180411
BBBBBCCCCCCCCCCCCCCCCCCCCCBBBBBB,15.02731265551
CCCCCCCCBBCBBBCCCCCCCCCCCCCCBBBB,15.4145104368
BBBBBBBBBBBBCBBBBBBBBBBBBBBBBBBC,15.07768871071
CCCCCCCCCCCCCCBBBBBBCCCCCCCBBBBB,16.0225623993
BBBBBBCCCCCCCCCCBBBBBBCBBBBCCCCC,15.40301342421
BBBBCCCCCCCCCCCCCBBBBBBCCCCCBBBB,15.32875097631
CCCCCCCCCCCCCCCCBBBBBBBBCCCCCCCC,16.2626926274
BBBBBBCBCCCCCBCBBBBBBBBBBBBBBBBB,15.2723458021
CCCCCCCCCCCCCCCCCCCCCCBBBBBBCCCC,16.203126163
BBBBBBBBBBCCBBBBBBCCCCCCCCCCCCCC,17.60353771931
BBBBBBBBBBBBBBBBBBBBBBBBBBBBBBBB,15.29019895951
BBBBBBBBBBBBBBBBBBBBBBBBCCCCCCCC,16.80818908641
BBBBBBBBBBBBBBBBCCCCCCCCCCCCCCCC,18.39839063161
BBBBBBBBCCCCCCCCCCCCBBBBBBCCCCCC,15.83795767091
BBBBBBBBCCCCCCCCCCCBBBBBCCCCCCCC,16.1553385651
CCCCCCBBBBBBCCBBBBBBBBBBBBBBBCCC,15.3874473451
BBBBBBBBBBBBBBBBBBBBBBBBCCCCCBBB,15.28938628221
CCCCCCBBBBBBBCCCCCCCCCCCCCBBBBBB,15.218444498
BCCCCCBBBBBCCCBCCCCCCBBBBBBBBBBB,15.3407022547
CCCCCCCCCCBBBBBBBBBBCCCCCCCCCCCC,15.769068579
CCBBBBCCCCCCBBCCCCCCCCCCCBBBBBBB,15.03599093181
CCCCCCCBBBBBBCCCCCCBBBBBBBBBBBBB,15.9249773604
CCCCCBBBBBBBBBBBBBBBBBBBCCBCBCCC,15.0280552308
BBBBBBBBBCCCCBBBBBBBBCBBBBBBBBBB,15.02243484281
CCCCCCBBBBBBBBBCCCCBBBCCCCCCCCCC,15.6608058969
CCCCBBCCBBBBBBBBBBBBBBBCBBBBBBBB,15.8124265663
BBCCCCCCCCBBBBBBBBBBBBBBBBBBBBBB,16.6190540425
BBBBBBBBBBBCCCCCBBBBBBBBBBBBBBCC,15.02795381
CCCBBBBBBBBBBBBCCCCCCCCCCCCCCCBB,16.2811962462
CCCCCBBBBBBBBBBBBBBBBCCCCCCCCCCC,16.2408276397
CCCCCCCCCCCCCCCCCCCCCCCCCCCCCCCC,16.6999986491
BBCCBBBBBBBBBBBCCCCCCCCCCCCCBBBB,15.7562091724
CCCCCCCCCCCCCBBBBBBBBBBBBBBBBBCC,17.0702110637
CCCCCCCCCBBBBBBBBBBBBBBBBCCCCCCB,15.6115009677
BBBBBBBBBBBBCCCCCCCCBBBBBBBCCCCC,15.82697196681
BBBBBBBBBBBBBBBCCCCCCCCCCCCBCCCC,17.86536270481
